subject_id,site,label,n_flat,flat_roi_indices
51456,CALTECH,1,1,[31]
51457,CALTECH,1,1,[42]
51458,CALTECH,1,1,[31]
51459,CALTECH,1,0,[]
51460,CALTECH,1,1,[42]
51461,CALTECH,1,0,[]
51462,CALTECH,1,0,[]
51463,CALTECH,1,0,[]
51464,CALTECH,1,12,"[11, 26, 31, 41, 42, 52, 108, 112, 123, 138, 180, 197]"
51465,CALTECH,1,0,[]
51466,CALTECH,1,8,"[11, 31, 41, 103, 112, 123, 168, 182]"
51467,CALTECH,1,3,"[31, 42, 51]"
51468,CALTECH,1,3,"[31, 42, 197]"
51469,CALTECH,1,80,"[0, 1, 5, 6, 7, 12, 15, 20, 27, 30, 32, 37, 43, 49, 53, 55, 59, 60, 63, 64, 72, 75, 76, 78, 79, 80, 81, 84, 87, 89, 90, 92, 94, 95, 96, 98, 101, 105, 107, 110, 113, 114, 115, 116, 119, 122, 124, 126, 130, 131, 132, 133, 135, 141, 146, 148, 149, 153, 155, 156, 157, 158, 160, 162, 165, 166, 167, 169, 170, 172, 174, 179, 181, 185, 186, 187, 190, 192, 194, 196]"
51470,CALTECH,1,1,[187]
51471,CALTECH,1,14,"[11, 26, 29, 31, 35, 41, 42, 51, 77, 85, 102, 108, 112, 123]"
51472,CALTECH,1,0,[]
51473,CALTECH,1,2,"[42, 197]"
51474,CALTECH,1,0,[]
51476,CALTECH,0,0,[]
51477,CALTECH,0,0,[]
51478,CALTECH,0,118,"[0, 1, 3, 4, 7, 8, 10, 11, 14, 15, 18, 19, 20, 21, 22, 23, 26, 29, 31, 32, 33, 35, 40, 41, 42, 43, 44, 46, 49, 50, 51, 52, 53, 55, 56, 60, 62, 66, 69, 70, 71, 72, 73, 74, 75, 76, 77, 79, 81, 83, 85, 87, 89, 90, 91, 94, 95, 96, 98, 100, 102, 103, 107, 108, 110, 111, 112, 113, 115, 116, 119, 120, 121, 123, 124, 128, 129, 130, 132, 135, 138, 140, 141, 144, 145, 146, 148, 149, 150, 153, 155, 157, 158, 159, 160, 161, 164, 166, 168, 170, 172, 175, 176, 180, 181, 182, 183, 186, 187, 188, 190, 191, 192, 194, 195, 196, 197, 199]"
51479,CALTECH,0,0,[]
51480,CALTECH,0,0,[]
51481,CALTECH,0,0,[]
51482,CALTECH,0,0,[]
51483,CALTECH,0,3,"[31, 42, 197]"
51484,CALTECH,0,1,[42]
51485,CALTECH,0,0,[]
51486,CALTECH,0,0,[]
51487,CALTECH,0,0,[]
51488,CALTECH,0,0,[]
51489,CALTECH,0,0,[]
51490,CALTECH,0,1,[31]
51491,CALTECH,0,0,[]
51492,CALTECH,0,0,[]
51493,CALTECH,0,0,[]
50649,CMU,1,0,[]
50653,CMU,1,3,"[31, 42, 197]"
50651,CMU,1,12,"[9, 29, 31, 35, 40, 42, 51, 79, 85, 102, 175, 197]"
50657,CMU,0,2,"[31, 42]"
50669,CMU,0,1,[42]
50772,KKI,0,0,[]
50773,KKI,0,0,[]
50774,KKI,0,0,[]
50775,KKI,0,0,[]
50776,KKI,0,0,[]
50777,KKI,0,0,[]
50778,KKI,0,0,[]
50779,KKI,0,0,[]
50780,KKI,0,0,[]
50781,KKI,0,0,[]
50782,KKI,0,0,[]
50783,KKI,0,0,[]
50785,KKI,0,0,[]
50786,KKI,0,0,[]
50787,KKI,0,0,[]
50788,KKI,0,0,[]
50789,KKI,0,0,[]
50790,KKI,0,0,[]
50791,KKI,1,0,[]
50792,KKI,1,0,[]
50795,KKI,1,0,[]
50798,KKI,1,0,[]
50799,KKI,1,0,[]
50800,KKI,1,0,[]
50802,KKI,1,0,[]
50803,KKI,1,0,[]
50804,KKI,1,0,[]
50812,KKI,0,0,[]
50814,KKI,0,0,[]
50816,KKI,0,0,[]
50817,KKI,0,0,[]
50818,KKI,0,0,[]
50819,KKI,0,0,[]
50820,KKI,0,0,[]
50821,KKI,0,0,[]
50822,KKI,0,0,[]
50823,KKI,1,0,[]
50824,KKI,1,0,[]
50825,KKI,1,0,[]
50682,LEUVEN_1,0,0,[]
50683,LEUVEN_1,0,0,[]
50685,LEUVEN_1,0,0,[]
50686,LEUVEN_1,1,0,[]
50687,LEUVEN_1,0,0,[]
50688,LEUVEN_1,0,0,[]
50689,LEUVEN_1,1,0,[]
50690,LEUVEN_1,1,0,[]
50691,LEUVEN_1,0,0,[]
50692,LEUVEN_1,0,0,[]
50693,LEUVEN_1,1,0,[]
50694,LEUVEN_1,1,0,[]
50695,LEUVEN_1,1,0,[]
50696,LEUVEN_1,1,0,[]
50697,LEUVEN_1,1,0,[]
50698,LEUVEN_1,0,0,[]
50699,LEUVEN_1,0,0,[]
50700,LEUVEN_1,1,0,[]
50701,LEUVEN_1,0,0,[]
50702,LEUVEN_1,1,0,[]
50703,LEUVEN_1,0,0,[]
50704,LEUVEN_1,1,0,[]
50705,LEUVEN_1,1,0,[]
50706,LEUVEN_1,0,0,[]
50707,LEUVEN_1,0,0,[]
50708,LEUVEN_1,1,0,[]
50709,LEUVEN_1,0,0,[]
50710,LEUVEN_1,0,0,[]
50711,LEUVEN_1,1,0,[]
50722,LEUVEN_2,0,0,[]
50723,LEUVEN_2,0,0,[]
50724,LEUVEN_2,0,0,[]
50725,LEUVEN_2,0,0,[]
50726,LEUVEN_2,0,0,[]
50727,LEUVEN_2,0,12,"[20, 27, 64, 89, 95, 110, 133, 135, 160, 181, 187, 196]"
50728,LEUVEN_2,0,0,[]
50730,LEUVEN_2,0,0,[]
50731,LEUVEN_2,0,0,[]
50732,LEUVEN_2,0,0,[]
50733,LEUVEN_2,0,0,[]
50735,LEUVEN_2,0,0,[]
50736,LEUVEN_2,0,2,"[89, 181]"
50737,LEUVEN_2,0,0,[]
50738,LEUVEN_2,0,0,[]
50739,LEUVEN_2,0,0,[]
50740,LEUVEN_2,0,0,[]
50741,LEUVEN_2,0,0,[]
50742,LEUVEN_2,0,0,[]
50743,LEUVEN_2,1,0,[]
50745,LEUVEN_2,1,0,[]
50746,LEUVEN_2,1,0,[]
50747,LEUVEN_2,1,0,[]
50748,LEUVEN_2,1,0,[]
50749,LEUVEN_2,1,0,[]
50751,LEUVEN_2,1,0,[]
50752,LEUVEN_2,1,0,[]
50753,LEUVEN_2,1,0,[]
50754,LEUVEN_2,1,0,[]
50755,LEUVEN_2,1,0,[]
50756,LEUVEN_2,1,0,[]
50757,LEUVEN_2,1,0,[]
51318,MAX_MUN,1,0,[]
51319,MAX_MUN,1,0,[]
51321,MAX_MUN,1,0,[]
51362,MAX_MUN,0,0,[]
51363,MAX_MUN,0,0,[]
51364,MAX_MUN,0,0,[]
51365,MAX_MUN,0,0,[]
51369,MAX_MUN,0,0,[]
51370,MAX_MUN,0,0,[]
51373,MAX_MUN,0,0,[]
51606,MAX_MUN,1,0,[]
51607,MAX_MUN,1,0,[]
51322,MAX_MUN,1,0,[]
51323,MAX_MUN,1,0,[]
51324,MAX_MUN,1,0,[]
51325,MAX_MUN,1,0,[]
51326,MAX_MUN,1,0,[]
51327,MAX_MUN,1,0,[]
51328,MAX_MUN,1,0,[]
51332,MAX_MUN,0,0,[]
51333,MAX_MUN,0,0,[]
51334,MAX_MUN,0,0,[]
51335,MAX_MUN,0,0,[]
51336,MAX_MUN,0,0,[]
51338,MAX_MUN,0,0,[]
51339,MAX_MUN,0,0,[]
51340,MAX_MUN,0,0,[]
51342,MAX_MUN,0,0,[]
51343,MAX_MUN,0,0,[]
51344,MAX_MUN,0,0,[]
51345,MAX_MUN,0,0,[]
51346,MAX_MUN,0,0,[]
51347,MAX_MUN,0,0,[]
51329,MAX_MUN,1,0,[]
51330,MAX_MUN,1,0,[]
51331,MAX_MUN,1,0,[]
51349,MAX_MUN,1,0,[]
51351,MAX_MUN,1,0,[]
51355,MAX_MUN,1,0,[]
51356,MAX_MUN,0,0,[]
51357,MAX_MUN,0,0,[]
51360,MAX_MUN,0,0,[]
50954,NYU,1,0,[]
50955,NYU,1,0,[]
50956,NYU,1,0,[]
50957,NYU,1,0,[]
50958,NYU,1,0,[]
50959,NYU,1,0,[]
50960,NYU,1,0,[]
50961,NYU,1,0,[]
50962,NYU,1,0,[]
50964,NYU,1,0,[]
50965,NYU,1,0,[]
50966,NYU,1,0,[]
50967,NYU,1,0,[]
50968,NYU,1,0,[]
50969,NYU,1,0,[]
50970,NYU,1,0,[]
50972,NYU,1,0,[]
50973,NYU,1,0,[]
50974,NYU,1,0,[]
50976,NYU,1,0,[]
50977,NYU,1,0,[]
50978,NYU,1,0,[]
50979,NYU,1,0,[]
50981,NYU,1,0,[]
50982,NYU,1,0,[]
50983,NYU,1,0,[]
50984,NYU,1,0,[]
50985,NYU,1,0,[]
50986,NYU,1,0,[]
50987,NYU,1,0,[]
50988,NYU,1,0,[]
50989,NYU,1,0,[]
50990,NYU,1,0,[]
50991,NYU,1,0,[]
50992,NYU,1,0,[]
50993,NYU,1,0,[]
50994,NYU,1,0,[]
50995,NYU,1,0,[]
50996,NYU,1,0,[]
50997,NYU,1,0,[]
50998,NYU,1,0,[]
50999,NYU,1,0,[]
51000,NYU,1,0,[]
51001,NYU,1,0,[]
51002,NYU,1,0,[]
51003,NYU,1,0,[]
51006,NYU,1,0,[]
51007,NYU,1,0,[]
51008,NYU,1,0,[]
51009,NYU,1,0,[]
51010,NYU,1,0,[]
51011,NYU,1,0,[]
51012,NYU,1,0,[]
51013,NYU,1,0,[]
51014,NYU,1,0,[]
51015,NYU,1,0,[]
51016,NYU,1,0,[]
51017,NYU,1,0,[]
51018,NYU,1,0,[]
51019,NYU,1,0,[]
51020,NYU,1,0,[]
51021,NYU,1,0,[]
51023,NYU,1,0,[]
51024,NYU,1,0,[]
51025,NYU,1,0,[]
51026,NYU,1,0,[]
51027,NYU,1,0,[]
51028,NYU,1,0,[]
51029,NYU,1,0,[]
51032,NYU,1,0,[]
51033,NYU,1,0,[]
51034,NYU,1,0,[]
51035,NYU,1,0,[]
51036,NYU,0,0,[]
51038,NYU,0,0,[]
51039,NYU,0,0,[]
51040,NYU,0,0,[]
51041,NYU,0,0,[]
51042,NYU,0,0,[]
51044,NYU,0,0,[]
51045,NYU,0,0,[]
51046,NYU,0,0,[]
51047,NYU,0,0,[]
51048,NYU,0,0,[]
51049,NYU,0,0,[]
51050,NYU,0,0,[]
51051,NYU,0,0,[]
51052,NYU,0,0,[]
51053,NYU,0,0,[]
51054,NYU,0,0,[]
51055,NYU,0,0,[]
51056,NYU,0,0,[]
51057,NYU,0,0,[]
51058,NYU,0,0,[]
51059,NYU,0,0,[]
51060,NYU,0,0,[]
51061,NYU,0,0,[]
51062,NYU,0,1,[42]
51063,NYU,0,0,[]
51064,NYU,0,0,[]
51065,NYU,0,0,[]
51066,NYU,0,0,[]
51067,NYU,0,0,[]
51068,NYU,0,0,[]
51069,NYU,0,0,[]
51070,NYU,0,0,[]
51071,NYU,0,0,[]
51072,NYU,0,0,[]
51073,NYU,0,0,[]
51074,NYU,0,0,[]
51075,NYU,0,0,[]
51076,NYU,0,0,[]
51077,NYU,0,0,[]
51078,NYU,0,0,[]
51079,NYU,0,0,[]
51080,NYU,0,0,[]
51081,NYU,0,0,[]
51082,NYU,0,0,[]
51083,NYU,0,0,[]
51084,NYU,0,0,[]
51085,NYU,0,0,[]
51086,NYU,0,0,[]
51087,NYU,0,0,[]
51088,NYU,0,0,[]
51089,NYU,0,0,[]
51090,NYU,0,0,[]
51091,NYU,0,0,[]
51093,NYU,0,0,[]
51094,NYU,0,0,[]
51095,NYU,0,0,[]
51096,NYU,0,0,[]
51097,NYU,0,0,[]
51098,NYU,0,0,[]
51099,NYU,0,0,[]
51100,NYU,0,0,[]
51101,NYU,0,0,[]
51102,NYU,0,0,[]
51103,NYU,0,0,[]
51104,NYU,0,0,[]
51105,NYU,0,0,[]
51106,NYU,0,0,[]
51107,NYU,0,0,[]
51109,NYU,0,0,[]
51110,NYU,0,0,[]
51111,NYU,0,0,[]
51112,NYU,0,0,[]
51113,NYU,0,0,[]
51114,NYU,0,0,[]
51116,NYU,0,0,[]
51117,NYU,0,0,[]
51118,NYU,0,1,[42]
51121,NYU,0,0,[]
51122,NYU,0,0,[]
51123,NYU,0,0,[]
51124,NYU,0,0,[]
51126,NYU,0,0,[]
51128,NYU,0,0,[]
51129,NYU,0,0,[]
51130,NYU,0,0,[]
51131,NYU,0,0,[]
51146,NYU,0,0,[]
51147,NYU,0,0,[]
51148,NYU,0,0,[]
51149,NYU,0,0,[]
51150,NYU,0,0,[]
51151,NYU,0,0,[]
51152,NYU,0,0,[]
51153,NYU,0,0,[]
51154,NYU,0,0,[]
51155,NYU,0,0,[]
51156,NYU,0,0,[]
50142,OHSU,1,0,[]
50143,OHSU,1,0,[]
50144,OHSU,1,0,[]
50145,OHSU,1,0,[]
50146,OHSU,1,0,[]
50147,OHSU,1,0,[]
50148,OHSU,1,0,[]
50149,OHSU,1,0,[]
50150,OHSU,1,0,[]
50152,OHSU,1,0,[]
50153,OHSU,1,0,[]
50156,OHSU,1,0,[]
50157,OHSU,0,0,[]
50158,OHSU,0,0,[]
50159,OHSU,0,0,[]
50160,OHSU,0,0,[]
50161,OHSU,0,0,[]
50166,OHSU,0,0,[]
50167,OHSU,0,0,[]
50168,OHSU,0,0,[]
50169,OHSU,0,0,[]
50170,OHSU,0,0,[]
50171,OHSU,0,0,[]
50102,OLIN,0,0,[]
50104,OLIN,0,0,[]
50105,OLIN,0,0,[]
50107,OLIN,0,0,[]
50111,OLIN,0,0,[]
50112,OLIN,0,0,[]
50113,OLIN,0,0,[]
50114,OLIN,0,0,[]
50115,OLIN,0,0,[]
50116,OLIN,0,0,[]
50117,OLIN,0,0,[]
50118,OLIN,1,0,[]
50119,OLIN,1,0,[]
50121,OLIN,1,0,[]
50122,OLIN,1,0,[]
50125,OLIN,1,0,[]
50127,OLIN,1,0,[]
50128,OLIN,1,0,[]
50129,OLIN,1,0,[]
50130,OLIN,1,0,[]
50131,OLIN,1,0,[]
50132,OLIN,1,0,[]
50133,OLIN,1,0,[]
50134,OLIN,1,0,[]
50136,OLIN,1,0,[]
50004,PITT,1,0,[]
50005,PITT,1,0,[]
50006,PITT,1,0,[]
50007,PITT,1,0,[]
50008,PITT,1,0,[]
50009,PITT,1,0,[]
50010,PITT,1,0,[]
50011,PITT,1,0,[]
50012,PITT,1,0,[]
50014,PITT,1,0,[]
50015,PITT,1,0,[]
50016,PITT,1,0,[]
50020,PITT,1,0,[]
50022,PITT,1,0,[]
50023,PITT,1,0,[]
50024,PITT,1,0,[]
50025,PITT,1,0,[]
50027,PITT,1,0,[]
50029,PITT,1,0,[]
50030,PITT,0,0,[]
50031,PITT,0,0,[]
50032,PITT,0,0,[]
50033,PITT,0,0,[]
50034,PITT,0,0,[]
50035,PITT,0,0,[]
50036,PITT,0,0,[]
50037,PITT,0,0,[]
50038,PITT,0,0,[]
50040,PITT,0,0,[]
50041,PITT,0,0,[]
50042,PITT,0,0,[]
50044,PITT,0,0,[]
50045,PITT,0,2,"[51, 175]"
50046,PITT,0,0,[]
50047,PITT,0,0,[]
50048,PITT,0,0,[]
50050,PITT,0,0,[]
50051,PITT,0,0,[]
50052,PITT,0,0,[]
50055,PITT,1,0,[]
50056,PITT,1,0,[]
50057,PITT,1,0,[]
50058,PITT,0,0,[]
50059,PITT,0,0,[]
50060,PITT,0,0,[]
51557,SBL,0,0,[]
51558,SBL,0,9,"[26, 29, 31, 35, 42, 51, 85, 175, 197]"
51559,SBL,0,0,[]
51560,SBL,0,0,[]
51561,SBL,0,0,[]
51562,SBL,0,0,[]
51563,SBL,0,0,[]
51564,SBL,0,0,[]
51565,SBL,0,0,[]
51566,SBL,0,0,[]
51567,SBL,0,0,[]
51570,SBL,0,0,[]
51571,SBL,1,0,[]
51572,SBL,1,0,[]
51573,SBL,1,0,[]
51574,SBL,1,0,[]
51576,SBL,1,0,[]
51577,SBL,1,0,[]
51578,SBL,1,0,[]
51579,SBL,1,0,[]
51580,SBL,1,0,[]
51581,SBL,1,0,[]
51582,SBL,1,0,[]
51583,SBL,1,0,[]
51584,SBL,1,0,[]
51585,SBL,1,0,[]
50182,SDSU,1,0,[]
50183,SDSU,1,0,[]
50184,SDSU,1,1,[41]
50186,SDSU,1,0,[]
50187,SDSU,1,0,[]
50188,SDSU,1,0,[]
50189,SDSU,1,0,[]
50190,SDSU,1,0,[]
50191,SDSU,1,0,[]
50193,SDSU,0,0,[]
50194,SDSU,0,0,[]
50195,SDSU,0,9,"[11, 31, 38, 41, 52, 70, 123, 129, 197]"
50196,SDSU,0,0,[]
50197,SDSU,0,0,[]
50198,SDSU,0,0,[]
50199,SDSU,0,0,[]
50200,SDSU,0,0,[]
50201,SDSU,0,0,[]
50203,SDSU,0,0,[]
50204,SDSU,0,0,[]
50205,SDSU,0,0,[]
50206,SDSU,0,0,[]
50207,SDSU,1,0,[]
50208,SDSU,0,0,[]
50209,SDSU,0,27,"[11, 14, 26, 31, 38, 40, 41, 42, 50, 52, 56, 70, 77, 86, 91, 100, 108, 109, 112, 123, 129, 138, 139, 159, 168, 180, 197]"
50210,SDSU,0,2,"[26, 197]"
50211,SDSU,0,2,"[31, 197]"
50212,SDSU,1,0,[]
50213,SDSU,0,0,[]
50214,SDSU,0,0,[]
50215,SDSU,0,0,[]
50216,SDSU,1,16,"[11, 41, 42, 50, 56, 73, 77, 103, 108, 112, 123, 129, 138, 159, 168, 182]"
50217,SDSU,0,0,[]
51160,STANFORD,1,0,[]
51162,STANFORD,1,0,[]
51163,STANFORD,1,0,[]
51164,STANFORD,1,0,[]
51165,STANFORD,1,0,[]
51167,STANFORD,1,0,[]
51168,STANFORD,1,0,[]
51169,STANFORD,1,0,[]
51170,STANFORD,1,0,[]
51171,STANFORD,1,0,[]
51172,STANFORD,1,0,[]
51173,STANFORD,1,0,[]
51174,STANFORD,1,0,[]
51175,STANFORD,1,0,[]
51177,STANFORD,1,0,[]
51178,STANFORD,1,0,[]
51179,STANFORD,1,0,[]
51180,STANFORD,0,0,[]
51181,STANFORD,0,0,[]
51182,STANFORD,0,0,[]
51183,STANFORD,0,0,[]
51184,STANFORD,0,0,[]
51185,STANFORD,0,0,[]
51186,STANFORD,0,0,[]
51187,STANFORD,0,0,[]
51188,STANFORD,0,0,[]
51189,STANFORD,0,0,[]
51190,STANFORD,0,0,[]
51191,STANFORD,0,0,[]
51192,STANFORD,0,0,[]
51193,STANFORD,0,0,[]
51194,STANFORD,0,0,[]
51196,STANFORD,0,0,[]
51197,STANFORD,0,0,[]
51198,STANFORD,0,0,[]
51199,STANFORD,0,0,[]
50232,TRINITY,1,0,[]
50233,TRINITY,1,0,[]
50234,TRINITY,1,0,[]
50235,TRINITY,1,0,[]
50236,TRINITY,1,0,[]
50237,TRINITY,1,0,[]
50239,TRINITY,1,0,[]
50240,TRINITY,1,0,[]
50241,TRINITY,1,0,[]
50243,TRINITY,1,0,[]
50245,TRINITY,1,0,[]
50246,TRINITY,1,0,[]
50247,TRINITY,1,0,[]
50248,TRINITY,1,0,[]
50249,TRINITY,1,0,[]
50250,TRINITY,1,0,[]
50251,TRINITY,1,0,[]
50252,TRINITY,1,0,[]
50253,TRINITY,1,0,[]
50254,TRINITY,1,0,[]
50255,TRINITY,1,0,[]
50257,TRINITY,0,1,[31]
50259,TRINITY,0,1,[42]
50260,TRINITY,0,0,[]
50261,TRINITY,0,0,[]
50262,TRINITY,0,0,[]
50263,TRINITY,0,0,[]
50264,TRINITY,0,0,[]
50266,TRINITY,0,0,[]
50267,TRINITY,0,0,[]
50268,TRINITY,0,0,[]
50269,TRINITY,0,0,[]
50270,TRINITY,0,0,[]
50271,TRINITY,0,0,[]
51132,TRINITY,0,0,[]
51133,TRINITY,0,0,[]
51134,TRINITY,0,0,[]
51135,TRINITY,0,0,[]
51137,TRINITY,0,0,[]
51138,TRINITY,0,0,[]
51139,TRINITY,0,0,[]
51140,TRINITY,0,0,[]
51141,TRINITY,0,0,[]
51142,TRINITY,0,0,[]
51205,UCLA_1,1,0,[]
51206,UCLA_1,1,0,[]
51208,UCLA_1,1,0,[]
51210,UCLA_1,1,0,[]
51211,UCLA_1,1,0,[]
51212,UCLA_1,1,0,[]
51214,UCLA_1,1,0,[]
51216,UCLA_1,1,0,[]
51217,UCLA_1,1,0,[]
51218,UCLA_1,1,0,[]
51220,UCLA_1,1,0,[]
51221,UCLA_1,1,0,[]
51222,UCLA_1,1,0,[]
51223,UCLA_1,1,0,[]
51224,UCLA_1,1,0,[]
51225,UCLA_1,1,0,[]
51226,UCLA_1,1,0,[]
51229,UCLA_1,1,0,[]
51230,UCLA_1,1,0,[]
51234,UCLA_1,1,0,[]
51235,UCLA_1,1,0,[]
51236,UCLA_1,1,0,[]
51237,UCLA_1,1,0,[]
51239,UCLA_1,1,0,[]
51240,UCLA_1,1,0,[]
51241,UCLA_1,1,0,[]
51248,UCLA_1,1,0,[]
51249,UCLA_1,1,0,[]
51250,UCLA_1,0,0,[]
51251,UCLA_1,0,0,[]
51252,UCLA_1,0,0,[]
51253,UCLA_1,0,0,[]
51254,UCLA_1,0,0,[]
51255,UCLA_1,0,0,[]
51256,UCLA_1,0,0,[]
51257,UCLA_1,0,0,[]
51260,UCLA_1,0,0,[]
51261,UCLA_1,0,0,[]
51262,UCLA_1,0,0,[]
51264,UCLA_1,0,0,[]
51265,UCLA_1,0,0,[]
51266,UCLA_1,0,0,[]
51267,UCLA_1,0,0,[]
51268,UCLA_1,0,0,[]
51269,UCLA_1,0,0,[]
51271,UCLA_1,0,0,[]
51272,UCLA_1,0,0,[]
51273,UCLA_1,0,0,[]
51275,UCLA_1,0,0,[]
51276,UCLA_1,0,0,[]
51277,UCLA_1,0,0,[]
51279,UCLA_1,0,0,[]
51280,UCLA_1,0,0,[]
51281,UCLA_1,0,0,[]
51282,UCLA_1,0,0,[]
51291,UCLA_2,1,0,[]
51293,UCLA_2,1,0,[]
51294,UCLA_2,1,0,[]
51295,UCLA_2,1,0,[]
51298,UCLA_2,1,0,[]
51301,UCLA_2,1,0,[]
51302,UCLA_2,1,0,[]
51303,UCLA_2,0,0,[]
51305,UCLA_2,0,0,[]
51306,UCLA_2,0,0,[]
51307,UCLA_2,0,0,[]
51308,UCLA_2,0,0,[]
51309,UCLA_2,0,0,[]
51311,UCLA_2,0,0,[]
51312,UCLA_2,0,0,[]
51313,UCLA_2,0,0,[]
51314,UCLA_2,0,0,[]
51315,UCLA_2,0,0,[]
51316,UCLA_2,0,0,[]
51317,UCLA_2,1,0,[]
50272,UM_1,1,0,[]
50273,UM_1,1,0,[]
50274,UM_1,1,0,[]
50275,UM_1,1,0,[]
50276,UM_1,1,0,[]
50277,UM_1,1,0,[]
50278,UM_1,1,0,[]
50280,UM_1,1,0,[]
50282,UM_1,1,0,[]
50283,UM_1,1,0,[]
50284,UM_1,1,0,[]
50285,UM_1,1,0,[]
50287,UM_1,1,0,[]
50289,UM_1,1,0,[]
50290,UM_1,1,0,[]
50291,UM_1,1,0,[]
50292,UM_1,1,0,[]
50293,UM_1,1,0,[]
50294,UM_1,1,0,[]
50295,UM_1,1,0,[]
50297,UM_1,1,0,[]
50298,UM_1,1,0,[]
50300,UM_1,1,0,[]
50301,UM_1,1,0,[]
50302,UM_1,1,0,[]
50307,UM_1,1,0,[]
50310,UM_1,1,0,[]
50314,UM_1,1,0,[]
50315,UM_1,1,0,[]
50318,UM_1,1,0,[]
50319,UM_1,1,0,[]
50320,UM_1,1,0,[]
50321,UM_1,1,0,[]
50324,UM_1,1,0,[]
50325,UM_1,1,0,[]
50326,UM_1,1,0,[]
50327,UM_1,0,0,[]
50329,UM_1,0,0,[]
50330,UM_1,0,0,[]
50331,UM_1,0,0,[]
50332,UM_1,0,0,[]
50334,UM_1,0,0,[]
50335,UM_1,0,0,[]
50336,UM_1,0,0,[]
50337,UM_1,0,0,[]
50338,UM_1,0,0,[]
50339,UM_1,0,0,[]
50340,UM_1,0,0,[]
50341,UM_1,0,0,[]
50342,UM_1,0,0,[]
50343,UM_1,0,0,[]
50344,UM_1,0,0,[]
50345,UM_1,0,0,[]
50346,UM_1,0,0,[]
50347,UM_1,0,0,[]
50348,UM_1,0,0,[]
50349,UM_1,0,0,[]
50350,UM_1,0,0,[]
50351,UM_1,0,0,[]
50352,UM_1,0,0,[]
50353,UM_1,0,0,[]
50355,UM_1,0,0,[]
50356,UM_1,0,0,[]
50357,UM_1,0,0,[]
50358,UM_1,0,0,[]
50360,UM_1,0,0,[]
50361,UM_1,0,0,[]
50362,UM_1,0,0,[]
50363,UM_1,0,0,[]
50364,UM_1,0,0,[]
50365,UM_1,0,0,[]
50366,UM_1,0,0,[]
50367,UM_1,0,0,[]
50368,UM_1,0,0,[]
50369,UM_1,0,0,[]
50370,UM_1,0,0,[]
50372,UM_1,0,0,[]
50373,UM_1,0,0,[]
50374,UM_1,0,0,[]
50375,UM_1,0,0,[]
50377,UM_1,0,0,[]
50379,UM_1,0,0,[]
50382,UM_2,0,0,[]
50385,UM_2,0,0,[]
50386,UM_2,0,0,[]
50387,UM_2,0,0,[]
50388,UM_2,0,0,[]
50390,UM_2,0,0,[]
50391,UM_2,0,0,[]
50397,UM_2,1,0,[]
50399,UM_2,1,0,[]
50402,UM_2,1,0,[]
50404,UM_2,1,0,[]
50405,UM_2,1,0,[]
50406,UM_2,1,0,[]
50407,UM_2,1,0,[]
50408,UM_2,1,0,[]
50410,UM_2,1,0,[]
50411,UM_2,1,0,[]
50412,UM_2,1,0,[]
50413,UM_2,1,0,[]
50414,UM_2,0,0,[]
50415,UM_2,0,0,[]
50416,UM_2,0,0,[]
50417,UM_2,0,0,[]
50418,UM_2,0,0,[]
50419,UM_2,0,0,[]
50421,UM_2,0,0,[]
50424,UM_2,0,0,[]
50425,UM_2,0,0,[]
50426,UM_2,0,0,[]
50427,UM_2,0,0,[]
50428,UM_2,0,0,[]
50433,USM,0,0,[]
50434,USM,0,0,[]
50435,USM,0,0,[]
50436,USM,0,0,[]
50437,USM,0,0,[]
50438,USM,0,0,[]
50439,USM,0,0,[]
50440,USM,0,0,[]
50441,USM,0,0,[]
50442,USM,0,0,[]
50443,USM,0,0,[]
50444,USM,0,0,[]
50445,USM,0,0,[]
50446,USM,0,0,[]
50447,USM,0,0,[]
50448,USM,0,0,[]
50449,USM,0,0,[]
50455,USM,0,0,[]
50463,USM,0,0,[]
50466,USM,0,0,[]
50467,USM,0,0,[]
50468,USM,0,0,[]
50469,USM,0,0,[]
50477,USM,1,0,[]
50480,USM,1,0,[]
50482,USM,1,0,[]
50483,USM,1,0,[]
50485,USM,1,0,[]
50486,USM,1,0,[]
50487,USM,1,0,[]
50488,USM,1,0,[]
50490,USM,1,0,[]
50491,USM,1,0,[]
50492,USM,1,0,[]
50493,USM,1,0,[]
50494,USM,1,0,[]
50496,USM,1,0,[]
50497,USM,1,0,[]
50498,USM,1,0,[]
50499,USM,1,0,[]
50500,USM,1,0,[]
50502,USM,1,0,[]
50503,USM,1,0,[]
50504,USM,1,0,[]
50505,USM,1,0,[]
50507,USM,1,0,[]
50514,USM,1,0,[]
50515,USM,1,0,[]
50516,USM,1,0,[]
50518,USM,1,0,[]
50519,USM,1,0,[]
50520,USM,1,0,[]
50521,USM,1,0,[]
50524,USM,1,0,[]
50525,USM,1,0,[]
50526,USM,1,0,[]
50527,USM,1,0,[]
50528,USM,1,0,[]
50529,USM,1,0,[]
50530,USM,1,0,[]
50532,USM,1,0,[]
50551,YALE,0,0,[]
50552,YALE,0,0,[]
50553,YALE,0,0,[]
50554,YALE,0,0,[]
50555,YALE,0,0,[]
50556,YALE,0,0,[]
50557,YALE,0,0,[]
50558,YALE,0,0,[]
50559,YALE,0,0,[]
50560,YALE,0,0,[]
50561,YALE,0,0,[]
50562,YALE,0,0,[]
50563,YALE,0,0,[]
50564,YALE,0,0,[]
50566,YALE,0,0,[]
50567,YALE,0,0,[]
50568,YALE,0,0,[]
50569,YALE,0,0,[]
50570,YALE,0,0,[]
50571,YALE,0,0,[]
50572,YALE,0,0,[]
50573,YALE,0,0,[]
50574,YALE,0,0,[]
50575,YALE,0,0,[]
50576,YALE,0,0,[]
50577,YALE,0,0,[]
50601,YALE,1,0,[]
50603,YALE,1,0,[]
50604,YALE,1,0,[]
50605,YALE,1,8,"[31, 41, 103, 108, 112, 123, 138, 197]"
50606,YALE,1,0,[]
50607,YALE,1,0,[]
50609,YALE,1,0,[]
50611,YALE,1,0,[]
50612,YALE,1,0,[]
50613,YALE,1,0,[]
50614,YALE,1,0,[]
50616,YALE,1,0,[]
50617,YALE,1,0,[]
50619,YALE,1,0,[]
50620,YALE,1,0,[]
50621,YALE,1,0,[]
50623,YALE,1,0,[]
50624,YALE,1,0,[]
50625,YALE,1,0,[]
50626,YALE,1,0,[]
50627,YALE,1,0,[]
50628,YALE,1,0,[]
